Name: Samuel Steinberg,,,
"CS420 Project 2 -- February 16th, 2018",,,
Description: The following are the averages over 4 trial runs for each of the listed parameters,,,
,,,
"Experiment 0 Rules: j1=1, j2=-0.1, r1=1, r2=2, h=0",,,
Distance,Joint Entropy,Mutual Info,Correlation
0,0.568892621,1.429047931,1
1,1.509779498,0.488161055,0.02444321
2,1.501254027,0.496686526,0.006665432
3,1.489565146,0.508375406,0.016297531
4,1.495127502,0.502813051,0.00555679
5,1.50364412,0.494296433,0.011554321
6,1.49775303,0.500187523,0.000371605
7,1.497939079,0.500001473,1.23E-06
8,1.499466412,0.49847414,0.003054321
9,1.494433435,0.503507118,0.006914815
10,1.497492228,0.500448325,0.000890123
11,1.496513311,0.501427242,0.002829517
12,1.493228306,0.504712246,0.009260494
13,1.503925957,0.494014596,0.012135518
14,1.500392041,0.497548511,0.0049194
,,,
"Experiment 1 Rules: j1=1, j2=-0.1, r1=1, r2=5, h=-4",,,
Distance,Joint Entropy,Mutual Info,Correlation
0,0.52319587,0.560809657,1
1,0.85750164,0.226503887,0.548887654
2,0.860205318,0.223800209,0.553332099
3,0.846453779,0.237551748,0.533332099
4,0.850710818,0.233294709,0.538887654
5,0.872757713,0.211247813,0.579109877
6,0.872075004,0.211930523,0.577406173
7,0.869807474,0.214198053,0.572062257
8,0.866911729,0.217093798,0.565832099
9,0.859913709,0.224091817,0.552838272
10,0.860981999,0.223023528,0.554665432
11,0.868366854,0.215638673,0.568887654
12,0.86686656,0.217138966,0.565739506
13,0.868840104,0.215165423,0.569913295
14,0.867162214,0.216843313,0.566347972
,,,
"Experiment 2 Rules: j1=1, j2=-0.1, r1=1, r2=5, h=-2",,,
Distance,Joint Entropy,Mutual Info,Correlation
0,0.56115491,1.28203141,1
1,1.388521245,0.454665075,0.091109877
2,1.390272211,0.452914108,0.09444321
3,1.369451855,0.473734465,0.057035802
4,1.34845351,0.494732809,0.023332099
5,1.410811604,0.432374715,0.136887654
6,1.405988869,0.43719745,0.126295062
7,1.406013457,0.437172862,0.126347972
8,1.401027881,0.442158439,0.115832099
9,1.387736533,0.455449786,0.089628395
10,1.391082404,0.452103916,0.095998765
11,1.392731099,0.45045522,0.099190685
12,1.400084249,0.443102071,0.113887654
13,1.402945643,0.440240676,0.119827825
14,1.395163642,0.448022677,0.103967019
,,,
"Experiment 3 Rules: j1=1, j2=-0.1, r1=1, r2=5, h=0",,,
Distance,Joint Entropy,Mutual Info,Correlation
0,0.568992388,1.430943492,1
1,1.510692133,0.489243747,0.022220988
2,1.47628532,0.52365056,0.044445679
3,1.485688448,0.514247432,0.027408642
4,1.484887429,0.515048451,0.028890123
5,1.503019458,0.496916422,0.006220988
6,1.504323892,0.495611988,0.008887654
7,1.497054813,0.502881067,0.00571552
8,1.504052981,0.495882899,0.008332099
9,1.502752482,0.497183398,0.005677778
10,1.503019458,0.496916422,0.006220988
11,1.50134443,0.498591449,0.002827048
12,1.501227492,0.498708388,0.002591358
13,1.500362757,0.499573123,0.000853466
14,1.49761871,0.50231717,0.004604409
,,,
"Experiment 4 Rules: j1=1, j2=-0.1, r1=1, r2=5, h=2",,,
Distance,Joint Entropy,Mutual Info,Correlation
0,0.559910524,1.258388082,1
1,1.361624253,0.456674353,0.088887654
2,1.368390672,0.449907934,0.101109877
3,1.363290903,0.455007703,0.091850617
4,1.345514808,0.472783798,0.061665432
5,1.386569707,0.431728899,0.136887654
6,1.388383848,0.429914758,0.140739506
7,1.385632042,0.432666564,0.1349194
8,1.380657763,0.437640843,0.124720988
9,1.382592632,0.435705974,0.128640741
10,1.376590847,0.441707759,0.116665432
11,1.376124216,0.44217439,0.115756341
12,1.38370678,0.434591826,0.130924691
13,1.375844289,0.442454317,0.115212441
14,1.382012372,0.436286234,0.127459083
,,,
"Experiment 5 Rules: j1=1, j2=-0.1, r1=1, r2=5, h=4",,,
Distance,Joint Entropy,Mutual Info,Correlation
0,0.515186741,0.408636203,1
1,0.742167352,0.181655592,0.637776543
2,0.742167352,0.181655592,0.637776543
3,0.738739968,0.185082977,0.632591358
4,0.73469531,0.189127634,0.627220988
5,0.749887227,0.173935717,0.65244321
6,0.749952526,0.173870419,0.652591358
7,0.748850269,0.174972676,0.650157496
8,0.74851464,0.175308304,0.64944321
9,0.744650702,0.179172243,0.641974074
10,0.746354527,0.177468417,0.645109877
11,0.749653857,0.174169087,0.651917957
12,0.748426707,0.175396238,0.649258025
13,0.746806701,0.177016243,0.645981671
14,0.747074655,0.17674829,0.646506702
,,,
,,,
"Experiment 6 Rules: j1=1, j2=-0.1, r1=1, r2=9, h=-6",,,
Distance,Joint Entropy,Mutual Info,Correlation
0,0.559067562,1.242371798,1
1,1.428279732,0.373159628,0.488887654
2,1.434668538,0.366770822,0.371109877
3,1.408630962,0.392808398,0.232591358
4,1.34710478,0.45433458,0.09444321
5,1.281867436,0.519571924,0.001779012
6,1.251857079,0.549582281,0.038149383
7,1.256284683,0.545154677,0.033017108
8,1.293846807,0.507592552,0.013887654
9,1.362664558,0.438774802,0.122714815
10,1.397856582,0.403582777,0.201332099
11,1.414048303,0.387391056,0.250705836
12,1.41901603,0.38242333,0.26944321
13,1.412042406,0.389396954,0.243759449
14,1.394745967,0.406693392,0.193173369
,,,
,,,
"Experiment 7 Rules: j1=1, j2=-0.1, r1=1, r2=9, h=-3",,,
Distance,Joint Entropy,Mutual Info,Correlation
0,0.566760856,1.388544384,1
1,1.534815268,0.420489972,0.486665432
2,1.551086742,0.404218498,0.328887654
3,1.519771614,0.435533625,0.151109877
4,1.446188952,0.509116288,0.015001235
5,1.360858555,0.594446685,0.142223457
6,1.308249553,0.647055686,0.20592716
7,1.319192856,0.636112383,0.193334568
8,1.381086656,0.574218583,0.115279012
9,1.469995012,0.485310228,0.029381481
10,1.513076202,0.442229038,0.130887654
11,1.532068963,0.423236277,0.19474624
12,1.534743643,0.420561597,0.205924691
13,1.524543102,0.430762138,0.166836372
14,1.501323921,0.453981318,0.099205115
,,,
,,,
"Experiment 8 Rules: j1=1, j2=-0.1, r1=1, r2=9, h=0",,,
Distance,Joint Entropy,Mutual Info,Correlation
0,0.568995237,1.430997638,1
1,1.552781647,0.447211228,0.526665432
2,1.584941127,0.415051748,0.337776543
3,1.551487559,0.448505317,0.125924691
4,1.468044975,0.5319479,0.058890123
5,1.369530438,0.630462437,0.201779012
6,1.310745348,0.689247528,0.271112346
7,1.328182225,0.67181065,0.251429806
8,1.408500363,0.591492513,0.150279012
9,1.503777827,0.496215049,0.007653086
10,1.548117624,0.451875252,0.115554321
11,1.567535073,0.432457803,0.18444321
12,1.570906201,0.429086674,0.19981358
13,1.558144944,0.441847931,0.148032953
14,1.530438214,0.469554662,0.067459083
,,,
"Experiment 9 Rules: j1=1, j2=-0.1, r1=1, r2=9, h=3",,,
Distance,Joint Entropy,Mutual Info,Correlation
0,0.56664564,1.386355297,1
1,1.538231685,0.414769252,0.46444321
2,1.549611071,0.403389867,0.339998765
3,1.515330503,0.437670435,0.143702469
4,1.445351853,0.507649085,0.012223457
5,1.360438249,0.592562689,0.139112346
6,1.314558414,0.638442523,0.19518642
7,1.325101174,0.627899764,0.182858377
8,1.375290284,0.577710654,0.119445679
9,1.463138569,0.489862369,0.020492593
10,1.508551482,0.444449456,0.123998765
11,1.527445499,0.425555438,0.18444321
12,1.532795294,0.420205643,0.205924691
13,1.52606207,0.426938868,0.179315005
14,1.504393531,0.448607407,0.112697178
,,,
"Experiment 10 Rules: j1=1, j2=-0.1, r1=1, r2=9, h=6",,,
Distance,Joint Entropy,Mutual Info,Correlation
0,0.558440782,1.230462987,1
1,1.425964517,0.362939252,0.419998765
2,1.412677645,0.376226124,0.287776543
3,1.385435386,0.403468383,0.199258025
4,1.332809192,0.456094577,0.092776543
5,1.292094074,0.496809695,0.031554321
6,1.278381034,0.510522735,0.013332099
7,1.276161327,0.512742442,0.010474956
8,1.314414753,0.474489016,0.063609877
9,1.376382547,0.412521222,0.177282716
10,1.401447902,0.387455867,0.245332099
11,1.401238483,0.387665286,0.24464523
12,1.394044205,0.394859564,0.222591358
13,1.378569594,0.410334175,0.182391928
14,1.358091921,0.430811848,0.138411464
,,,
"Experiment 11 Rules: j1=1, j2=-0.1, r1=1, r2=14, h=-6",,,
Distance,Joint Entropy,Mutual Info,Correlation
0,0.567875583,1.409724209,1
1,1.365969044,0.611630748,0.791109877
2,1.474899374,0.502700418,0.658887654
3,1.543280863,0.434318929,0.510369136
4,1.567910514,0.409689278,0.358332099
5,1.553077538,0.424522254,0.203998765
6,1.503529273,0.474070519,0.05407284
7,1.428533312,0.54906648,0.083493298
8,1.34827375,0.629326042,0.19305679
9,1.287818686,0.689781106,0.262223457
10,1.2615254,0.716074392,0.289779012
11,1.271972575,0.705627217,0.278991134
12,1.313527998,0.664071794,0.233890123
13,1.371296919,0.606302873,0.164103799
14,1.434135938,0.543463855,0.074763139
,,,
"Experiment 12 Rules: j1=1, j2=-0.1, r1=1, r2=14, h=-3",,,
Distance,Joint Entropy,Mutual Info,Correlation
0,0.568735752,1.426067425,1
1,1.375581541,0.619221637,0.791109877
2,1.483140542,0.511662635,0.662220988
3,1.554004392,0.440798785,0.512591358
4,1.580664828,0.414138349,0.357220988
5,1.567719891,0.427083286,0.205332099
6,1.518718381,0.476084796,0.051109877
7,1.438841084,0.555962094,0.097144092
8,1.351793951,0.643009226,0.21555679
9,1.289925261,0.704877917,0.28592716
10,1.262614783,0.732188394,0.314445679
11,1.276031227,0.71877195,0.300607295
12,1.318070461,0.676732716,0.255001235
13,1.378560492,0.616242685,0.182052517
14,1.443728088,0.551075089,0.089525044
,,,
"Experiment 13 Rules: j1=1, j2=-0.1, r1=1, r2=14, h=0",,,
Distance,Joint Entropy,Mutual Info,Correlation
0,0.568994169,1.430977334,1
1,1.378467513,0.62150399,0.791109877
2,1.484071448,0.515900054,0.665554321
3,1.556475243,0.443496259,0.515554321
4,1.584205566,0.415765936,0.363332099
5,1.572712187,0.427259315,0.208887654
6,1.525211897,0.474759605,0.05481358
7,1.443764427,0.556207075,0.098413933
8,1.348549961,0.651421541,0.227501235
9,1.280039977,0.719931525,0.304198765
10,1.2615061,0.738465402,0.323334568
11,1.276907376,0.723064126,0.307475982
12,1.320469858,0.679501645,0.26018642
13,1.380423153,0.619548349,0.187864482
14,1.446504519,0.553466984,0.094128219
,,,
"Experiment 14 Rules: j1=1, j2=-0.1, r1=1, r2=14, h=3",,,
Distance,Joint Entropy,Mutual Info,Correlation
0,0.568695804,1.425308405,1
1,1.379755904,0.614248305,0.786665432
2,1.48193878,0.512065429,0.663332099
3,1.552772415,0.441231794,0.51481358
4,1.580013172,0.413991036,0.358887654
5,1.567415157,0.426589052,0.207109877
6,1.51843439,0.475569819,0.052220988
7,1.439592634,0.554411575,0.094604409
8,1.353056053,0.640948155,0.212779012
9,1.2867117,0.707292508,0.288149383
10,1.261437798,0.732566411,0.314445679
11,1.274684076,0.719320133,0.300809315
12,1.317645977,0.676358232,0.254260494
13,1.379558683,0.614445526,0.179488414
14,1.444257657,0.549746552,0.087302822
,,,
"Experiment 15 Rules: j1=1, j2=-0.1, r1=1, r2=14, h=6",,,
Distance,Joint Entropy,Mutual Info,Correlation
0,0.567709371,1.406566178,1
1,1.359441239,0.61483431,0.795554321
2,1.472187081,0.502088468,0.659998765
3,1.541734884,0.432540665,0.508146914
4,1.565596824,0.408678725,0.351109877
5,1.548687991,0.425587558,0.196887654
6,1.498666943,0.475608606,0.050369136
7,1.427506849,0.5467687,0.079366314
8,1.354200199,0.620075349,0.18055679
9,1.293456957,0.680818592,0.251112346
10,1.265121504,0.709154045,0.281112346
11,1.271260423,0.703015126,0.274748709
12,1.311012442,0.663263106,0.231667901
13,1.369065436,0.605210112,0.161710636
14,1.432487943,0.541787606,0.071588536
,,,
"Experiment 16 Rules: j1=1, j2=-0.1, r1=3, r2=5, h=-1",,,
Distance,Joint Entropy,Mutual Info,Correlation
0,0.554082499,1.147655613,1
1,1.161512957,0.540225155,0.837776543
2,1.269188048,0.432550064,0.718887654
3,1.333657685,0.368080428,0.593332099
4,1.357276776,0.344461337,0.489998765
5,1.359602509,0.342135603,0.41244321
6,1.353752537,0.347985576,0.358146914
7,1.346988573,0.35474954,0.32412575
8,1.341522689,0.360215424,0.302776543
9,1.336847466,0.364890647,0.286912346
10,1.331589971,0.370148142,0.270887654
11,1.327559503,0.374178609,0.259594725
12,1.323415103,0.37832301,0.248702469
13,1.318574935,0.383163177,0.236750902
14,1.311557436,0.390180677,0.220633686
,,,
"Experiment 17 Rules: j1=1, j2=-0.1, r1=3, r2=5, h=0",,,
Distance,Joint Entropy,Mutual Info,Correlation
0,0.567915326,1.410479324,1
1,1.386526232,0.591868418,0.771109877
2,1.505078507,0.473316143,0.606665432
3,1.562198044,0.416196606,0.428887654
4,1.56595698,0.41243767,0.282220988
5,1.543857246,0.434537404,0.163998765
6,1.515547834,0.462846816,0.080739506
7,1.490549706,0.487844944,0.02444321
8,1.472633402,0.505761248,0.01055679
9,1.461961417,0.516433232,0.029877778
10,1.455758808,0.522635842,0.040667901
11,1.452950719,0.525443931,0.04545578
12,1.450473993,0.527920657,0.049630864
13,1.451930624,0.526464025,0.047180722
14,1.454105867,0.524288783,0.043493298
,,,
"Experiment 18 Rules: j1=1, j2=-0.1, r1=3, r2=5, h=1",,,
Distance,Joint Entropy,Mutual Info,Correlation
0,0.484972382,0.165436619,1
1,0.216557772,0.10297799,0.977776543
2,0.240361919,0.079173844,0.962220988
3,0.25915838,0.060377382,0.945183951
4,0.269635437,0.049900325,0.931109877
5,0.274853852,0.04468191,0.917332099
6,0.274302272,0.04523349,0.909628395
7,0.272064786,0.047470976,0.906665432
8,0.272064786,0.047470976,0.906665432
9,0.272064786,0.047470976,0.906665432
10,0.272064786,0.047470976,0.906665432
11,0.272064786,0.047470976,0.906665432
12,0.272064786,0.047470976,0.906665432
13,0.272064786,0.047470976,0.906665432
14,0.272064786,0.047470976,0.906665432
,,,
"Experiment 19 Rules: j1=1, j2=-0.1, r1=3, r2=9, h=-6",,,
Distance,Joint Entropy,Mutual Info,Correlation
0,0.525345723,0.601656863,1
1,0.793802477,0.333200109,0.879998765
2,0.877354905,0.249647681,0.782220988
3,0.915167175,0.211835411,0.687406173
4,0.917417979,0.209584607,0.603887654
5,0.898972919,0.228029667,0.543998765
6,0.880451292,0.246551294,0.512961728
7,0.872766656,0.25423593,0.503173369
8,0.875634632,0.251367954,0.506665432
9,0.882487576,0.24451501,0.515801235
10,0.889182628,0.237819958,0.525998765
11,0.894347441,0.232655145,0.53494826
12,0.898290692,0.228711894,0.542591358
13,0.901087897,0.225914689,0.548545774
14,0.902700766,0.22430182,0.552220988
,,,
"Experiment 20 Rules: j1=1, j2=-0.1, r1=3, r2=9, h=-3",,,
Distance,Joint Entropy,Mutual Info,Correlation
0,0.561999197,1.29807287,1
1,1.348396578,0.511675489,0.737776543
2,1.454669728,0.405402339,0.54444321
3,1.478212775,0.381859293,0.339998765
4,1.434025414,0.426046653,0.153887654
5,1.356635847,0.50343622,0.007109877
6,1.29910696,0.560965107,0.071112346
7,1.290736788,0.569335279,0.081271076
8,1.322592726,0.537479342,0.041112346
9,1.367795653,0.492276415,0.02444321
10,1.407070309,0.453001759,0.093998765
11,1.429010159,0.431061908,0.141614927
12,1.436425561,0.423646507,0.159998765
13,1.432429835,0.427642232,0.149913295
14,1.422406689,0.437665378,0.126347972
,,,
"Experiment 21 Rules: j1=1, j2=-0.1, r1=3, r2=9, h=0",,,
Distance,Joint Entropy,Mutual Info,Correlation
0,0.568944292,1.43002967,1
1,1.448970165,0.550003797,0.713332099
2,1.559277105,0.439696857,0.50444321
3,1.581553727,0.417420235,0.276295062
4,1.533999213,0.464974749,0.078887654
5,1.454810447,0.544163515,0.079112346
6,1.390588311,0.608385651,0.172964198
7,1.367392272,0.63158169,0.202858377
8,1.389470275,0.609503687,0.174445679
9,1.433054621,0.56591934,0.113087654
10,1.474775183,0.524198779,0.045334568
11,1.503960775,0.495013187,0.010099776
12,1.519895041,0.479078921,0.044628395
13,1.525794313,0.473179649,0.058460304
14,1.522897105,0.476076857,0.051586067
,,,
"Experiment 22 Rules: j1=1, j2=-0.1, r1=3, r2=9, h=3",,,
Distance,Joint Entropy,Mutual Info,Correlation
0,0.562696576,1.311323074,1
1,1.358325434,0.515694217,0.735554321
2,1.464979652,0.409039999,0.541109877
3,1.488296922,0.385722729,0.329628395
4,1.442423302,0.431596348,0.142220988
5,1.359573894,0.514445756,0.012001235
6,1.283710362,0.590309289,0.110741975
7,1.259214829,0.614804821,0.138096473
8,1.285790329,0.588229321,0.108334568
9,1.3419363,0.532083351,0.037285185
10,1.394610596,0.479409055,0.044220988
11,1.43186225,0.442157401,0.117372503
12,1.4513852,0.422634451,0.165554321
13,1.457679959,0.416339692,0.183588509
14,1.455820417,0.418199234,0.178094004
,,,
"Experiment 23 Rules: j1=1, j2=-0.1, r1=3, r2=9, h=6",,,
Distance,Joint Entropy,Mutual Info,Correlation
0,0.536268633,0.809192146,1
1,0.957613689,0.38784709,0.842220988
2,1.051586277,0.293874502,0.715554321
3,1.087500579,0.2579602,0.589628395
4,1.077214475,0.268246304,0.477220988
5,1.039097839,0.30636294,0.390665432
6,0.999786877,0.345673902,0.339998765
7,0.978583643,0.366877136,0.319998765
8,0.980534463,0.364926316,0.321665432
9,1.000727138,0.344733641,0.34098642
10,1.024351405,0.321109374,0.369109877
11,1.04496821,0.300492569,0.400402806
12,1.05941119,0.286049589,0.428332099
13,1.068242039,0.27721874,0.449571415
14,1.072896451,0.272564328,0.462855908
,,,
"Experiment 24 Rules: j1=1, j2=-0.1, r1=3, r2=14, h=-6",,,
Distance,Joint Entropy,Mutual Info,Correlation
0,0.567666006,1.405742237,1
1,1.363625531,0.609782711,0.791109877
2,1.483837991,0.489570252,0.639998765
3,1.550474994,0.422933248,0.472591358
4,1.564385995,0.409022248,0.314998765
5,1.539400114,0.434008129,0.163554321
6,1.48650943,0.486898812,0.026295062
7,1.420096596,0.553311646,0.089207584
8,1.359322049,0.614086194,0.172779012
9,1.319878047,0.653530196,0.220248148
10,1.307565285,0.665842957,0.234223457
11,1.322718807,0.650689435,0.216970932
12,1.362101593,0.61130665,0.169260494
13,1.409823207,0.563585036,0.104445679
14,1.45427732,0.519130922,0.034128219
,,,
"Experiment 25 Rules: j1=1, j2=-0.1, r1=3, r2=14, h=-3",,,
Distance,Joint Entropy,Mutual Info,Correlation
0,0.568558782,1.422704983,1
1,1.368911663,0.622352102,0.795554321
2,1.485261524,0.506002241,0.655554321
3,1.556504987,0.434758778,0.496295062
4,1.578398669,0.412865096,0.339998765
5,1.560256626,0.431007139,0.184887654
6,1.507727402,0.483536363,0.03407284
7,1.431358429,0.559905336,0.102540917
8,1.348393045,0.64287072,0.214167901
9,1.296872536,0.694391229,0.273087654
10,1.285888553,0.705375212,0.284890123
11,1.30769752,0.683566244,0.261213356
12,1.353046448,0.638217317,0.208519753
13,1.407074955,0.58418881,0.137949953
14,1.460524238,0.530739527,0.05587425
,,,
"Experiment 26 Rules: j1=1, j2=-0.1, r1=3, r2=14, h=0",,,
Distance,Joint Entropy,Mutual Info,Correlation
0,0.568982769,1.430760744,1
1,1.38296879,0.616774723,0.786665432
2,1.502535338,0.497208175,0.635554321
3,1.570636919,0.429106595,0.462961728
4,1.584067231,0.415676283,0.303887654
5,1.559170492,0.440573021,0.15244321
6,1.508232992,0.491510522,0.017406173
7,1.444326543,0.55541697,0.097144092
8,1.383636252,0.616107262,0.183334568
9,1.342318622,0.657424892,0.234569136
10,1.328898823,0.67084469,0.250223457
11,1.339769262,0.659974251,0.237576992
12,1.374720976,0.625022537,0.194816049
13,1.419819108,0.579924405,0.133847388
14,1.462993987,0.536749526,0.066985362
,,,
"Experiment 27 Rules: j1=1, j2=-0.1, r1=3, r2=14, h=3",,,
Distance,Joint Entropy,Mutual Info,Correlation
0,0.568652994,1.424495013,1
1,1.376976251,0.616171756,0.788887654
2,1.498501114,0.494646893,0.635554321
3,1.566125368,0.427022639,0.462961728
4,1.578555801,0.414592206,0.296109877
5,1.548711454,0.444436553,0.13644321
6,1.493319251,0.499828756,0.000369136
7,1.427574285,0.565573722,0.111429806
8,1.367671202,0.625476805,0.193334568
9,1.333871605,0.659276402,0.234322222
10,1.326090729,0.667057278,0.243334568
11,1.345132359,0.648015648,0.221011336
12,1.383230085,0.609917921,0.173334568
13,1.429271619,0.563876388,0.108890123
14,1.473920544,0.519227463,0.036032981
,,,
"Experiment 28 Rules: j1=1, j2=-0.1, r1=3, r2=14, h=6",,,
Distance,Joint Entropy,Mutual Info,Correlation
0,0.567192358,1.39674293,1
1,1.36516619,0.598769099,0.78444321
2,1.478684133,0.485251155,0.638887654
3,1.5454516,0.418483688,0.465924691
4,1.556557491,0.407377797,0.305554321
5,1.526450902,0.437484387,0.147998765
6,1.466036593,0.497898695,0.00481358
7,1.386932816,0.577002472,0.121271076
8,1.322198945,0.641736344,0.20305679
9,1.292047834,0.671887454,0.237038272
10,1.295025038,0.66891025,0.233779012
11,1.330637544,0.633297744,0.193132548
12,1.377511574,0.586423714,0.134075309
13,1.42725599,0.536679298,0.061881576
14,1.470910799,0.493024489,0.01412575
,,,
"Experiment 29 Rules: j1=1, j2=-0.1, r1=7, r2=9, h=0",,,
Distance,Joint Entropy,Mutual Info,Correlation
0,0.468995594,0.468995594,1
1,0,0,0.999998765
2,0,0,0.999998765
3,0,0,0.999998765
4,0,0,0.999998765
5,0,0,0.999998765
6,0,0,0.999998765
7,0,0,0.999998765
8,0,0,0.999998765
9,0,0,0.999998765
10,0,0,0.999998765
11,0,0,0.999998765
12,0,0,0.999998765
13,0,0,0.999998765
14,0,0,0.999998765
,,,
"Experiment 30 Rules: j1=1, j2=-0.1, r1=7, r2=9, h=1",,,
Distance,Joint Entropy,Mutual Info,Correlation
0,0.568304847,1.417880214,1
1,1.178811017,0.807374043,0.928887654
2,1.285454217,0.700730844,0.862220988
3,1.366081392,0.620103669,0.795554321
4,1.428929261,0.5572558,0.728887654
5,1.477950713,0.508234347,0.662220988
6,1.51546178,0.47072328,0.595554321
7,1.542969051,0.44321601,0.528887654
8,1.56151571,0.424669351,0.462220988
9,1.571804305,0.414380755,0.396048148
10,1.57454222,0.41164284,0.329776543
11,1.570100659,0.416084402,0.263433109
12,1.558754807,0.427430254,0.197035802
13,1.540699493,0.445485568,0.130597056
14,1.51738455,0.46880051,0.067300353
,,,
"Experiment 31 Rules: j1=1, j2=-0.1, r1=7, r2=14, h=-3",,,
Distance,Joint Entropy,Mutual Info,Correlation
0,0.533739201,0.761132955,1
1,0.838424144,0.456448013,0.915554321
2,0.917420134,0.377452022,0.853332099
3,0.975824901,0.319047255,0.788146914
4,1.015977557,0.278894599,0.722220988
5,1.039746358,0.255125798,0.657776543
6,1.049306725,0.245565431,0.597035802
7,1.04672732,0.248144836,0.537141623
8,1.034052621,0.260819535,0.48444321
9,1.012858409,0.282013747,0.436541975
10,0.986480289,0.308391868,0.396887654
11,0.960450109,0.334422047,0.368483614
12,0.938973412,0.355898745,0.350739506
13,0.923439926,0.37143223,0.341024406
14,0.922684592,0.372187565,0.340633686
,,,
"Experiment 32 Rules: j1=1, j2=-0.1, r1=7, r2=14, h=0",,,
Distance,Joint Entropy,Mutual Info,Correlation
0,0.546211108,0.998099179,1
1,0.948616146,0.595694141,0.928887654
2,1.025986999,0.518323288,0.877776543
3,1.093502175,0.450808112,0.819258025
4,1.143837522,0.400472766,0.762220988
5,1.182209654,0.362100633,0.704887654
6,1.209891158,0.334419129,0.648146914
7,1.228178033,0.316132254,0.592379718
8,1.238080774,0.306229513,0.538332099
9,1.240655748,0.303654539,0.485430864
10,1.236508537,0.30780175,0.433776543
11,1.226529259,0.317781028,0.38504927
12,1.210892887,0.3334174,0.337406173
13,1.19110852,0.353201767,0.293673979
14,1.16760364,0.376706647,0.253014638
,,,
"Experiment 33 Rules: j1=1, j2=-0.1, r1=7, r2=14, h=3",,,
Distance,Joint Entropy,Mutual Info,Correlation
0,0.512270609,0.353229708,1
1,0.545416044,0.320084273,0.955554321
2,0.596899655,0.268600663,0.922220988
3,0.634640605,0.230859712,0.890369136
4,0.666373704,0.199126614,0.855554321
5,0.688948951,0.176551366,0.822220988
6,0.704052481,0.161447836,0.790369136
7,0.712977944,0.152522374,0.758728924
8,0.71563481,0.149865508,0.729998765
9,0.713362787,0.15213753,0.705677778
10,0.706731794,0.158768524,0.683109877
11,0.697370662,0.168129656,0.665453311
12,0.688186991,0.177313326,0.65407284
13,0.680144523,0.185355795,0.647178253
14,0.676013755,0.189486563,0.64476067
,,,
,,,
"Experiment 34 Rules: j1=1, j2=-0.1, r1=12, r2=14, h=0",,,
Distance,Joint Entropy,Mutual Info,Correlation
0,0.568995594,1.431004406,1
1,1.177508967,0.822491033,0.933332099
2,1.286692668,0.713307332,0.866665432
3,1.368995594,0.631004406,0.799998765
4,1.433176173,0.566823827,0.733332099
5,1.483355755,0.516644245,0.666665432
6,1.521928095,0.478071905,0.599998765
7,1.550443614,0.449556386,0.533332099
8,1.569974075,0.430025925,0.466665432
9,1.581290899,0.418709101,0.399998765
10,1.584962501,0.415037499,0.333332099
11,1.581411577,0.418588423,0.266665432
12,1.570950594,0.429049406,0.199998765
13,1.553804441,0.446195559,0.133332099
14,1.530124965,0.469875035,0.066665432
,,,
,,,
"Experiment 35 Rules: j1=1, j2=0, r1=1, r2=15, h=-1",,,
Distance,Joint Entropy,Mutual Info,Correlation
0,0.568853058,1.428296235,1
1,1.469551538,0.527597755,0.051112346
2,1.500466688,0.496682605,0.006665432
3,1.493761871,0.503387422,0.006667901
4,1.491181173,0.50596812,0.011667901
5,1.503722535,0.493426759,0.013332099
6,1.493000996,0.504148297,0.008149383
7,1.494573567,0.502575726,0.0050806
8,1.499917788,0.497231505,0.005554321
9,1.502524171,0.494625122,0.010862963
10,1.505857335,0.491291958,0.017776543
11,1.494278827,0.502870466,0.0056578
12,1.504526438,0.492622855,0.014998765
13,1.49645744,0.500691853,0.001368756
14,1.501013799,0.496135494,0.007776543
,,,
,,,
"Experiment 36 Rules: j1=1, j2=0, r1=3, r2=15, h=-1",,,
Distance,Joint Entropy,Mutual Info,Correlation
0,0.566586929,1.385239775,1
1,1.263937771,0.687888932,0.86444321
2,1.379888295,0.571938409,0.762220988
3,1.462274563,0.48955214,0.65407284
4,1.511744967,0.440081736,0.553332099
5,1.538982692,0.412844012,0.45644321
6,1.548573146,0.403253557,0.366665432
7,1.545300496,0.406526208,0.285078131
8,1.532549013,0.419277691,0.209165432
9,1.51246441,0.439362293,0.13827037
10,1.486764708,0.465061996,0.072220988
11,1.457436244,0.494390459,0.011917957
12,1.426646051,0.525180652,0.041667901
13,1.398007219,0.553819485,0.08564226
14,1.374534694,0.57729201,0.118572663
,,,
,,,
"Experiment 37 Rules: j1=1, j2=0, r1=6, r2=15, h=-2",,,
Distance,Joint Entropy,Mutual Info,Correlation
0,0.468995594,0.468995594,1
1,0,0,0.999998765
2,0,0,0.999998765
3,0,0,0.999998765
4,0,0,0.999998765
5,0,0,0.999998765
6,0,0,0.999998765
7,0,0,0.999998765
8,0,0,0.999998765
9,0,0,0.999998765
10,0,0,0.999998765
11,0,0,0.999998765
12,0,0,0.999998765
13,0,0,0.999998765
14,0,0,0.999998765
,,,
,,,
"Experiment 38 Rules: j1=0, j2=-0.1, r1=1, r2=2, h=0",,,
Distance,Joint Entropy,Mutual Info,Correlation
0,0.568807071,1.427422469,1
1,0.610560254,1.385669285,0.771112346
2,1.52122022,0.475009319,0.596665432
3,1.14789075,0.848338789,0.423704938
4,1.580759416,0.415470124,0.293332099
5,1.378118756,0.618110783,0.184890123
6,1.544491862,0.451737677,0.11481358
7,1.462820791,0.533408748,0.060953616
8,1.514346309,0.48188323,0.038054321
9,1.486908325,0.509321215,0.018025926
10,1.504632664,0.491596875,0.017109877
11,1.490852234,0.505377305,0.010506285
12,1.503796699,0.49243284,0.015369136
13,1.491865728,0.504363811,0.008548243
14,1.501112281,0.495117258,0.009840035
,,,
,,,
"Experiment 39 Rules: j1=0, j2=-0.1, r1=1, r2=4, h=-2",,,
Distance,Joint Entropy,Mutual Info,Correlation
0,0.535772743,0.799770241,1
1,1.02409366,0.311449324,0.38444321
2,1.019333779,0.316209205,0.377776543
3,0.958197658,0.377345326,0.316295062
4,1.076527642,0.259015342,0.512220988
5,1.053432458,0.282110526,0.43644321
6,1.050814111,0.284728873,0.430739506
7,1.030253549,0.305289435,0.393649559
8,1.049265686,0.286277298,0.427498765
9,1.051449804,0.284093181,0.432097531
10,1.04481518,0.290727804,0.418665432
11,1.049934749,0.285608235,0.428887654
12,1.043065887,0.292477097,0.415369136
13,1.053873896,0.281669088,0.437434663
14,1.041436682,0.294106302,0.412379718
,,,
,,,
"Experiment 40 Rules: j1=0, j2=-0.1, r1=1, r2=4, h=-1",,,
Distance,Joint Entropy,Mutual Info,Correlation
0,0.563355757,1.323847506,1
1,1.315119728,0.572083535,0.093334568
2,1.459814112,0.427389151,0.155554321
3,1.12161725,0.765586012,0.284445679
4,1.49975416,0.387449103,0.34944321
5,1.399660864,0.487542399,0.028887654
6,1.484139638,0.403063624,0.236295062
7,1.283869562,0.603333701,0.130477425
8,1.446838033,0.440365229,0.122776543
9,1.408102789,0.479100473,0.043702469
10,1.470684766,0.416518496,0.187332099
11,1.404197573,0.48300569,0.036766442
12,1.414783259,0.472420003,0.055924691
13,1.414033161,0.473170101,0.05452868
14,1.436175231,0.451028032,0.098728924
,,,
,,,
"Experiment 41 Rules: j1=0, j2=-0.1, r1=1, r2=4, h=0",,,
Distance,Joint Entropy,Mutual Info,Correlation
0,0.568978138,1.430672751,1
1,0.808218255,1.191432634,0.671112346
2,1.507564782,0.492086107,0.626665432
3,0.74690971,1.25274118,0.706667901
4,1.504727186,0.494923704,0.631665432
5,1.040217382,0.959433507,0.51555679
6,1.559279206,0.440371683,0.505924691
7,1.097556617,0.902094272,0.470794885
8,1.583147822,0.416503068,0.37694321
9,1.263821386,0.735829503,0.320495062
10,1.583392237,0.416258652,0.293109877
11,1.345450228,0.654200661,0.230708305
12,1.562326847,0.437324043,0.16444321
13,1.419355673,0.580295216,0.134360209
14,1.542794995,0.456855894,0.100951146
,,,
,,,
"Experiment 42 Rules: j1=0, j2=-0.1, r1=1, r2=6, h=-5",,,
Distance,Joint Entropy,Mutual Info,Correlation
0,0.529139132,0.673731641,1
1,0.973537233,0.22933354,0.559998765
2,0.959924696,0.242946077,0.515554321
3,0.898653043,0.304217729,0.429628395
4,0.912808527,0.290062245,0.442776543
5,0.897755411,0.305115362,0.428887654
6,0.975213006,0.227657767,0.568887654
7,0.971371369,0.231499404,0.550474956
8,0.967866101,0.235004672,0.537776543
9,0.943091484,0.259779288,0.482220988
10,0.939327326,0.263543447,0.476220988
11,0.922537234,0.280333539,0.453534119
12,0.946041734,0.256829039,0.487220988
13,0.963072834,0.239797939,0.523588509
14,0.964974933,0.23789584,0.528887654
,,,
,,,
"Experiment 43 Rules: j1=0, j2=-0.1, r1=1, r2=6, h=-3",,,
Distance,Joint Entropy,Mutual Info,Correlation
0,0.558312939,1.228033977,1
1,1.418030307,0.368316609,0.486665432
2,1.389616091,0.396730825,0.216665432
3,1.256758958,0.529587958,0.009630864
4,1.189723646,0.59662327,0.081667901
5,1.222844562,0.563502355,0.048001235
6,1.369194405,0.417152511,0.166665432
7,1.417226471,0.369120445,0.322220988
8,1.421999326,0.364347591,0.359720988
9,1.394712434,0.391634483,0.23135679
10,1.328654073,0.457692844,0.09044321
11,1.25484181,0.531505107,0.011920426
12,1.258453699,0.527893218,0.007593827
13,1.327494733,0.458852183,0.088545774
14,1.390129558,0.396217359,0.218094004
,,,
,,,
"Experiment 44 Rules: j1=0, j2=-0.1, r1=1, r2=6, h=0",,,
Distance,Joint Entropy,Mutual Info,Correlation
0,0.568978138,1.430672751,1
1,1.567071071,0.432579819,0.477776543
2,1.55809018,0.441560709,0.148887654
3,1.371687318,0.627963571,0.198519753
4,1.194173938,0.805476952,0.387779012
5,1.328388662,0.671262227,0.250667901
6,1.505121184,0.494529706,0.011109877
7,1.579784294,0.419866595,0.2549194
8,1.584674547,0.414976343,0.327776543
9,1.562197856,0.437453034,0.163949383
10,1.462818844,0.536832046,0.067112346
11,1.32958254,0.670068349,0.249294164
12,1.318888055,0.680762835,0.261482716
13,1.445457857,0.554193033,0.09521491
14,1.546155641,0.453495248,0.110633686
,,,
,,,
"Experiment 45 Rules: j1=0, j2=-0.1, r1=1, r2=9, h=0",,,
Distance,Joint Entropy,Mutual Info,Correlation
0,0.568994169,1.430977334,1
1,1.483338656,0.516632846,0.666665432
2,1.569954645,0.430016857,0.466665432
3,1.575166559,0.424804943,0.222220988
4,1.482502207,0.517469295,0.033334568
5,1.308307248,0.691664254,0.273779012
6,1.18902105,0.810950452,0.392964198
7,1.225661054,0.774310448,0.358731393
8,1.357496975,0.642474528,0.216667901
9,1.476322601,0.523648901,0.044445679
10,1.554725774,0.445245728,0.13644321
11,1.58097166,0.418999842,0.262827048
12,1.583933917,0.416037586,0.297961728
13,1.579969933,0.42000157,0.25435774
14,1.55845923,0.441512273,0.149205115
,,,
,,,
"Experiment 46 Rules: j1=0, j2=-0.1, r1=1, r2=13, h=0",,,
Distance,Joint Entropy,Mutual Info,Correlation
0,0.568995237,1.430997638,1
1,1.433172063,0.566820813,0.733332099
2,1.526811599,0.473181277,0.589998765
3,1.583335602,0.416657273,0.377776543
4,1.569040704,0.430952171,0.191109877
5,1.493197869,0.506795006,0.013334568
6,1.364136236,0.63585664,0.208519753
7,1.170617884,0.829374992,0.409525044
8,1.114489462,0.885503414,0.457501235
9,1.221270455,0.778722421,0.362964198
10,1.334225753,0.665767122,0.244445679
11,1.432829964,0.567162911,0.11515275
12,1.514766036,0.485226839,0.030924691
13,1.566372461,0.433620415,0.179485945
14,1.584895206,0.41509767,0.342062257
,,,
,,,
"Experiment 47 Rules: j1=0, j2=-0.1, r1=4, r2=5, h=0",,,
Distance,Joint Entropy,Mutual Info,Correlation
0,0.568972794,1.430571219,1
1,1.581051559,0.418492454,0.266665432
2,1.567156071,0.432387942,0.18444321
3,1.426560852,0.572983161,0.123704938
4,1.157296983,0.84224703,0.42055679
5,1.422403538,0.577140475,0.129779012
6,1.501753933,0.49779008,0.00444321
7,1.564259076,0.435284937,0.172379718
8,1.584562377,0.414981636,0.34194321
9,1.53255364,0.466990373,0.073825926
10,1.466132208,0.533411805,0.061334568
11,1.373095686,0.626448327,0.196566891
12,1.310797049,0.688746964,0.270371605
13,1.490238845,0.509305168,0.018120893
14,1.543870578,0.455673435,0.10428448
,,,
,,,
"Experiment 48 Rules: j1=0, j2=-0.1, r1=4, r2=7, h=-5",,,
Distance,Joint Entropy,Mutual Info,Correlation
0,0.541850081,0.915239669,1
1,1.123191041,0.333898709,0.713332099
2,1.173831265,0.283258485,0.538887654
3,1.143940819,0.31314893,0.375554321
4,1.052075242,0.405014507,0.241109877
5,0.985166061,0.471923689,0.191109877
6,1.026517728,0.430572021,0.218517284
7,1.096877784,0.360211966,0.292697178
8,1.139684543,0.317405207,0.365832099
9,1.160199086,0.296890663,0.421974074
10,1.167877545,0.289212205,0.454887654
11,1.164554614,0.292535136,0.438988664
12,1.149706993,0.307382757,0.389998765
13,1.125810977,0.331278772,0.338118424
14,1.103646928,0.353442822,0.302220988
,,,
,,,
"Experiment 49 Rules: j1=0, j2=-0.1, r1=4, r2=7, h=-3",,,
Distance,Joint Entropy,Mutual Info,Correlation
0,0.560488231,1.269364515,1
1,1.39168797,0.438164775,0.646665432
2,1.457006952,0.372845794,0.387776543
3,1.396576121,0.433276624,0.13407284
4,1.259771308,0.570081438,0.071667901
5,1.171020629,0.658832116,0.160890123
6,1.200734612,0.629118133,0.133334568
7,1.313451406,0.516401339,0.0050806
8,1.408165199,0.421687546,0.160276543
9,1.44998664,0.379866106,0.304937037
10,1.456827009,0.373025736,0.377776543
11,1.45430576,0.375546985,0.338180584
12,1.426936485,0.40291626,0.210554321
13,1.352364106,0.47748864,0.052477398
14,1.255620376,0.57423237,0.076350441
,,,
,,,
"Experiment 50 Rules: j1=0, j2=-0.1, r1=4, r2=7, h=0",,,
Distance,Joint Entropy,Mutual Info,Correlation
0,0.568995594,1.431004406,1
1,1.521928095,0.478071905,0.599998765
2,1.581290899,0.418709101,0.399998765
3,1.530124965,0.469875035,0.066665432
4,1.370950594,0.629049406,0.200001235
5,1.035040279,0.964959721,0.520001235
6,1.251629167,0.748370833,0.333334568
7,1.370950594,0.629049406,0.200001235
8,1.523195879,0.476804121,0.049998765
9,1.578679627,0.421320373,0.24444321
10,1.555040279,0.444959721,0.519998765
11,1.58448839,0.41551161,0.309089675
12,1.56320209,0.43679791,0.166665432
13,1.457265914,0.542734086,0.076924311
14,1.323191247,0.676808753,0.257144092
,,,
,,,
"Experiment 51 Rules: j1=0, j2=-0.1, r1=4, r2=12, h=0",,,
Distance,Joint Entropy,Mutual Info,Correlation
0,0.568982769,1.430760744,1
1,1.433028199,0.566715315,0.733332099
2,1.526654764,0.473088749,0.589998765
3,1.583154608,0.416588906,0.377776543
4,1.568584823,0.431158691,0.189998765
5,1.492945113,0.5067984,0.013334568
6,1.363821126,0.635922387,0.208519753
7,1.171626887,0.828116626,0.408255203
8,1.116386293,0.88335722,0.45555679
9,1.220878908,0.778864605,0.362964198
10,1.333513105,0.666230409,0.244890123
11,1.43281757,0.566925943,0.114748709
12,1.514608481,0.485135032,0.031109877
13,1.566404765,0.433338748,0.180511586
14,1.584702506,0.415041007,0.342538448
,,,
,,,
"Experiment 52 Rules: j1=0, j2=-0.1, r1=9, r2=12, h=-6",,,
Distance,Joint Entropy,Mutual Info,Correlation
0,0.558312939,1.228033977,1
1,1.223489685,0.562857232,0.82444321
2,1.331349805,0.454997112,0.702220988
3,1.396362283,0.389984633,0.573332099
4,1.422796716,0.3635502,0.445554321
5,1.416934421,0.369412495,0.32044321
6,1.384637165,0.401709752,0.203332099
7,1.332119323,0.454227593,0.096189242
8,1.268482365,0.517864552,0.004720988
9,1.208294804,0.578052113,0.063211111
10,1.176718593,0.609628323,0.094001235
11,1.182168152,0.604178764,0.088890123
12,1.221664818,0.564682099,0.049260494
13,1.274477603,0.511869313,0.012306458
14,1.324072305,0.462274611,0.083014638
,,,
,,,
"Experiment 53 Rules: j1=0, j2=-0.1, r1=9, r2=12, h=-3",,,
Distance,Joint Entropy,Mutual Info,Correlation
0,0.56640637,1.381809152,1
1,1.358564349,0.589651173,0.782220988
2,1.463205183,0.485010339,0.648887654
3,1.529639486,0.418576036,0.488146914
4,1.546007331,0.402208191,0.341109877
5,1.526324233,0.421891289,0.195998765
6,1.4797967,0.468418822,0.06444321
7,1.412709744,0.535505778,0.057461552
8,1.337921801,0.610293722,0.160001235
9,1.271667455,0.676548067,0.235309877
10,1.262511755,0.685703767,0.244890123
11,1.302543739,0.645671783,0.201617396
12,1.359749586,0.588465936,0.132408642
13,1.410841197,0.537374326,0.060343115
14,1.448894271,0.499321251,0.003014638
,,,
,,,
"Experiment 54 Rules: j1=0, j2=-0.1, r1=9, r2=12, h=0",,,
Distance,Joint Entropy,Mutual Info,Correlation
0,0.568995594,1.431004406,1
1,1.368995594,0.631004406,0.799998765
2,1.483355755,0.516644245,0.666665432
3,1.556494046,0.443505954,0.515554321
4,1.584518029,0.415481971,0.356665432
5,1.572562601,0.427437399,0.207998765
6,1.522719647,0.477280353,0.048887654
7,1.448247409,0.551752591,0.091429806
8,1.35889395,0.64110605,0.215001235
9,1.279138721,0.720861279,0.30518642
10,1.251629167,0.748370833,0.333334568
11,1.274231462,0.725768538,0.310304265
12,1.328468072,0.671531928,0.251112346
13,1.395391031,0.604608969,0.168206363
14,1.455378439,0.544621561,0.080001235
